{"cameraMode":{"drawMode":0,"name":"Shaded","section":"Shading Mode"},"sceneLighting":true,"audioPlay":false,"sceneViewState":{"m_AlwaysRefresh":false,"showFog":true,"showSkybox":true,"showFlares":true,"showImageEffects":true,"showParticleSystems":true,"showVisualEffectGraphs":true,"m_FxEnabled":true},"in2DMode":false,"pivot":{"x":87.49356842041016,"y":11.09046745300293,"z":47.102447509765628},"rotation":{"x":-0.0036849749740213157,"y":0.9927812218666077,"z":-0.03281167522072792,"w":-0.11880224943161011},"size":25.612764358520509,"orthographic":false}